{
  "model": "SSD300_VGG16",
  "mAP50": 0.8228402499480288,
  "precision": 0.7098007487784758,
  "recall": 0.9443912796435301,
  "per_class": {
    "BasketBall": {
      "precision": 0.8856209150326797,
      "recall": 0.9644128113879004,
      "mAP50": 0.8797706704322414
    },
    "Player": {
      "precision": 0.5339805825242718,
      "recall": 0.9243697478991597,
      "mAP50": 0.7659098294638162
    }
  }
}