{
  "model": "SSD300_VGG16",
  "mAP50": 0.7831553470535906,
  "precision": 0.7647817460317461,
  "recall": 0.8867041478513114,
  "per_class": {
    "BasketBall": {
      "precision": 0.8698412698412699,
      "recall": 0.9750889679715302,
      "mAP50": 0.8790977587296184
    },
    "Player": {
      "precision": 0.6597222222222222,
      "recall": 0.7983193277310925,
      "mAP50": 0.6872129353775628
    }
  }
}