{
  "model": "YOLOv8n",
  "mAP50": 0.9027136166485143,
  "mAP50_95": 0.8458278914499437,
  "precision": 0.7632875564339163,
  "recall": 0.9474878904989619,
  "per_class": {
    "BasketBall": {
      "precision": 0.8908628244868657,
      "recall": 0.9857651245551602,
      "mAP50": 0.9650626627899666,
      "mAP50_95": 0.8551826800954231
    },
    "Player": {
      "precision": 0.6357122883809669,
      "recall": 0.9092106564427634,
      "mAP50": 0.840364570507062,
      "mAP50_95": 0.8364731028044645
    }
  }
}