{
  "model": "YOLOv8n",
  "mAP50": 0.8376760587628789,
  "mAP50_95": 0.7121187987943285,
  "precision": 0.8235196123262286,
  "recall": 0.7938218623417539,
  "per_class": {
    "BasketBall": {
      "precision": 0.9021859699237483,
      "recall": 0.9252669039145908,
      "mAP50": 0.9506365121000901,
      "mAP50_95": 0.7357957902107322
    },
    "Player": {
      "precision": 0.7448532547287089,
      "recall": 0.6623768207689171,
      "mAP50": 0.7247156054256677,
      "mAP50_95": 0.6884418073779248
    }
  }
}