epoch,time,train/box_loss,train/cls_loss,train/dfl_loss,metrics/precision(B),metrics/recall(B),metrics/mAP50(B),metrics/mAP50-95(B),val/box_loss,val/cls_loss,val/dfl_loss,lr/pg0,lr/pg1,lr/pg2
1,103.228,0.97422,2.09796,1.03895,0.66477,0.84326,0.7621,0.58887,0.85711,1.97774,1.03511,0.00055215,0.00055215,0.00055215
2,238.651,0.88121,1.34906,1.00797,0.72671,0.87034,0.77717,0.63692,0.77517,1.20796,0.97844,0.000742237,0.000742237,0.000742237
3,352.836,0.77477,1.07885,0.96337,0.75086,0.85164,0.83835,0.70872,0.71039,0.96487,0.95245,0.000565584,0.000565584,0.000565584
